{
  "nodes": [
    "N1",
    "N2",
    "N3",
    "N4",
    "N5",
    "N6",
    "N7",
    "N8",
    "N9"
  ],
  "edges": [
    [
      "N1",
      "N9"
    ],
    [
      "N2",
      "N9"
    ],
    [
      "N3",
      "N9"
    ],
    [
      "N4",
      "N9"
    ],
    [
      "N5",
      "N9"
    ],
    [
      "N6",
      "N9"
    ],
    [
      "N7",
      "N9"
    ],
    [
      "N8",
      "N9"
    ]
  ],
  "pos": {
    "N1": [
      0.5,
      0.0
    ],
    "N2": [
      0.3535533905932738,
      0.3535533905932738
    ],
    "N3": [
      3.061616997868383e-17,
      0.5
    ],
    "N4": [
      -0.35355339059327373,
      0.3535533905932738
    ],
    "N5": [
      -0.5,
      6.123233995736766e-17
    ],
    "N6": [
      -0.35355339059327384,
      -0.35355339059327373
    ],
    "N7": [
      -9.184850993605148e-17,
      -0.5
    ],
    "N8": [
      0.3535533905932737,
      -0.35355339059327384
    ],
    "N9": [
      0.0018356917816353402,
      0.0070645522042225295
    ]
  }
}